bit_position,samples,errors,error_ratio
0,12410,4,0.00032232070910556004
1,12586,7,0.0005561735261401557
2,12622,5,0.00039613373474885124
3,12375,13,0.0010505050505050504
4,12492,8,0.0006404098623118795
5,12617,16,0.001268130300388365
6,12435,20,0.0016083634901487736
7,12463,48,0.0038514001444275056
