layer,samples,errors,error_ratio
c1,20136,87,0.00432061978545888
c3,19939,8,0.0004012237323837705
f5,19927,1,5.018316856526321e-05
f6,20173,0,0.0
f7,19825,25,0.0012610340479192938
